{"version":16,"data":{"renderViewState":{"leftEdgeTimeSec":0,"timeSecPerPixel":0.00011843627110802683,"navigationViewMode":"Timeline"},"captureProgress":{"maxCollectedTime":0.17066666666666666,"processedInterval":{"begin":0,"end":0.17066666666666666},"memoryUsedMb":0,"isProcessing":false},"captureStartTime":{"unixTimeMilliseconds":1711993653297,"fractionalMilliseconds":0.1706},"timingMarkers":{"markers":{},"pairs":{}},"measurements":[],"highLevelAnalyzers":[],"analyzers":[],"rowsSettings":[{"id":"9b84d6d5-5be4-4910-98bf-276847ebfcfd","height":442,"isMarkedHidden":false,"type":"channel","name":"Clock","channel":{"category":"legacy","type":"Digital","deviceChannel":0}},{"id":"fa71caf9-8753-466c-bde8-6394d64cb126","height":442,"isMarkedHidden":false,"type":"channel","name":"Data","channel":{"category":"legacy","type":"Digital","deviceChannel":1}},{"id":"8709a9d2-f2e6-4210-820f-0b94a3c18464","height":100,"isMarkedHidden":true,"type":"channel","name":"Channel 2","channel":{"category":"legacy","type":"Digital","deviceChannel":2}},{"id":"8ee732c8-cd2d-47a3-97c1-a813d07fd516","height":100,"isMarkedHidden":true,"type":"channel","name":"Channel 3","channel":{"category":"legacy","type":"Digital","deviceChannel":3}},{"id":"ae5a82d7-ae84-43a0-bdac-400dccf5eb22","height":100,"isMarkedHidden":true,"type":"channel","name":"Channel 4","channel":{"category":"legacy","type":"Digital","deviceChannel":4}},{"id":"5d4d3cf9-0df2-471c-ae2f-2b29287c8a4b","height":100,"isMarkedHidden":true,"type":"channel","name":"Channel 5","channel":{"category":"legacy","type":"Digital","deviceChannel":5}},{"id":"49725543-9db0-4714-9f6f-e71da6abc19d","height":100,"isMarkedHidden":true,"type":"channel","name":"Channel 6","channel":{"category":"legacy","type":"Digital","deviceChannel":6}},{"id":"13611a2c-b52a-4119-b0d2-d3b4ae5ddd1c","height":100,"isMarkedHidden":true,"type":"channel","name":"Channel 7","channel":{"category":"legacy","type":"Digital","deviceChannel":7}}],"captureSettings":{"bufferSizeMb":2048,"captureMode":"Circular","stopAfterSeconds":100,"trimAfterCapture":false,"trimTimeSeconds":5,"digitalTriggerSettings":{"type":{"mode":"Edge","name":"Rising","pattern":"Rising"},"timeAfterTriggerToStop":1,"linkedChannels":[],"duration":{"min":0.001,"max":0.01},"selectedChannel":{"category":"legacy","type":"Digital","deviceChannel":0}},"glitchFilter":{"enabled":false,"channels":[]},"connectedDevice":{"name":"Logic","deviceId":"11917175956533177944","deviceType":"Logic","isSimulation":false,"capabilities":{"channelCapabilities":[{"type":"Digital","index":0,"capability":"AlwaysEnabled"},{"type":"Digital","index":1,"capability":"AlwaysEnabled"},{"type":"Digital","index":2,"capability":"AlwaysEnabled"},{"type":"Digital","index":3,"capability":"AlwaysEnabled"},{"type":"Digital","index":4,"capability":"AlwaysEnabled"},{"type":"Digital","index":5,"capability":"AlwaysEnabled"},{"type":"Digital","index":6,"capability":"AlwaysEnabled"},{"type":"Digital","index":7,"capability":"AlwaysEnabled"}],"sampleRateOptions":[{"digital":24000000},{"digital":16000000},{"digital":12000000},{"digital":8000000},{"digital":4000000},{"digital":2000000},{"digital":1000000},{"digital":500000},{"digital":250000},{"digital":200000},{"digital":100000},{"digital":50000},{"digital":25000}],"isPhysicalDevice":true},"settings":{"enabledChannels":[{"type":"Digital","index":0},{"type":"Digital","index":1},{"type":"Digital","index":2},{"type":"Digital","index":3},{"type":"Digital","index":4},{"type":"Digital","index":5},{"type":"Digital","index":6},{"type":"Digital","index":7}],"sampleRate":{"digital":24000000}}}},"digitalTriggerTime":-1,"name":"Session 0","dataTable":{"columns":{"analyzerIdentifier":{"isActive":true,"width":18,"isDefault":true,"baseKey":"analyzerIdentifier","excludeFromSearch":true},"frameType":{"isActive":true,"width":75,"isDefault":true,"baseKey":"frameType","excludeFromSearch":false},"start":{"isActive":true,"width":110,"isDefault":true,"baseKey":"start","excludeFromSearch":true},"duration":{"isActive":true,"width":80,"isDefault":true,"baseKey":"duration","excludeFromSearch":true},"data_data":{"width":75,"baseKey":"data","isActive":false},"data_error":{"width":75,"baseKey":"error","isActive":false},"data_input_type":{"width":75,"baseKey":"input_type","isActive":false},"data_new_data":{"width":75,"baseKey":"new_data","isActive":false},"data_ack":{"width":75,"baseKey":"ack","isActive":false},"data_address":{"width":75,"baseKey":"address","isActive":false},"data_read":{"width":75,"baseKey":"read","isActive":false}}},"analyzerTrigger":{"settings":{"enabled":false,"searchQuery":"","holdoffSeconds":0.2}},"timeManager":{"t0":{"type":"startOfCapture"}},"captureNotes":""},"binData":[{"category":"legacy","type":"Digital","deviceChannel":0,"file":"./digital-0.bin"},{"category":"legacy","type":"Digital","deviceChannel":1,"file":"./digital-1.bin"},{"category":"legacy","type":"Digital","deviceChannel":2,"file":"./digital-2.bin"},{"category":"legacy","type":"Digital","deviceChannel":3,"file":"./digital-3.bin"},{"category":"legacy","type":"Digital","deviceChannel":4,"file":"./digital-4.bin"},{"category":"legacy","type":"Digital","deviceChannel":5,"file":"./digital-5.bin"},{"category":"legacy","type":"Digital","deviceChannel":6,"file":"./digital-6.bin"},{"category":"legacy","type":"Digital","deviceChannel":7,"file":"./digital-7.bin"}]}